epoch,loss,output_1_loss,output_1_mean_absolute_error,output_1_mean_squared_error,output_2_loss,output_2_mean_absolute_error,output_2_mean_squared_error,output_3_loss,output_3_mean_absolute_error,output_3_mean_squared_error,val_loss,val_output_1_loss,val_output_1_mean_absolute_error,val_output_1_mean_squared_error,val_output_2_loss,val_output_2_mean_absolute_error,val_output_2_mean_squared_error,val_output_3_loss,val_output_3_mean_absolute_error,val_output_3_mean_squared_error
0,0.4196213483810425,0.36742961406707764,0.43625107407569885,0.36742961406707764,28.75422477722168,4.264601230621338,28.75422477722168,0.9452562928199768,0.7681921124458313,0.9452562928199768,0.12986601889133453,0.10126084834337234,0.2635934352874756,0.10126084834337234,8.152774810791016,2.0846333503723145,8.152774810791016,9.191920280456543,2.2936205863952637,9.191920280456543
1,0.2159687727689743,0.1911480724811554,0.34537893533706665,0.1911480724811554,29.660402297973633,4.3006439208984375,29.660402297973633,1.2455284595489502,0.8537973761558533,1.2455284595489502,1.1646603345870972,1.144374966621399,0.9952501654624939,1.144374966621399,6.33217191696167,1.7710322141647339,6.33217191696167,11.412712097167969,2.665543794631958,11.412712097167969
