epoch,loss,output_1_loss,output_1_mean_absolute_error,output_1_mean_squared_error,output_2_loss,output_2_mean_absolute_error,output_2_mean_squared_error,output_3_loss,output_3_mean_absolute_error,output_3_mean_squared_error,val_loss,val_output_1_loss,val_output_1_mean_absolute_error,val_output_1_mean_squared_error,val_output_2_loss,val_output_2_mean_absolute_error,val_output_2_mean_squared_error,val_output_3_loss,val_output_3_mean_absolute_error,val_output_3_mean_squared_error
0,1.152496337890625,1.1382043361663818,0.7170051336288452,1.1382043361663818,5.916408538818359,2.0012378692626953,5.916408538818359,0.3136692941188812,0.46293938159942627,0.3136692941188812,0.04362274706363678,0.030846644192934036,0.1448502540588379,0.030846644192934036,0.5166980624198914,0.5348305106163025,0.5166980624198914,2.3042116165161133,1.2708567380905151,2.3042116165161133
1,0.06039056181907654,0.049668602645397186,0.17563435435295105,0.049668602645397186,5.916410446166992,2.0012359619140625,5.916410446166992,0.31366869807243347,0.46293923258781433,0.31366869807243347,0.06816274672746658,0.05902625247836113,0.1976521611213684,0.05902625247836113,0.7834419012069702,0.6727278828620911,0.7834419012069702,1.650955080986023,1.0715585947036743,1.650955080986023
2,0.05695164203643799,0.04854609817266464,0.173147052526474,0.04854609817266464,5.916406154632568,2.0012359619140625,5.916406154632568,0.31366926431655884,0.46293893456459045,0.31366926431655884,2.1251349449157715,2.1174726486206055,1.4452264308929443,2.1174726486206055,0.6737575531005859,0.6185474991798401,0.6737575531005859,1.9855337142944336,1.1809383630752563,1.9855337142944336
3,0.05650431662797928,0.049146849662065506,0.1744159758090973,0.049146849662065506,5.916409492492676,2.0012335777282715,5.916409492492676,0.313668817281723,0.462939590215683,0.313668817281723,0.9579923748970032,0.9511869549751282,0.8294849991798401,0.9511869549751282,3.0702755451202393,1.4118297100067139,3.0702755451202393,0.26529762148857117,0.3995340168476105,0.26529762148857117
4,0.056212205439805984,0.04945465922355652,0.17528760433197021,0.04945465922355652,5.916409492492676,2.0012354850769043,5.916409492492676,0.31366899609565735,0.46293893456459045,0.31366899609565735,30.467357635498047,30.460674285888672,5.516748905181885,30.460674285888672,0.6516896486282349,0.593151330947876,0.6516896486282349,2.1039891242980957,1.214662790298462,2.1039891242980957
