{"loss": [0.00027642768691293895, 0.00030481861904263496, 0.00027377315564081073, 0.0003606828395277262, 0.0002983013982884586, 0.0002827512507792562, 0.0002898077655117959, 0.0002851337194442749, 0.00030786910792812705, 0.0002710953704081476, 0.00027893882361240685, 0.00028318449039943516, 0.00032902805833145976, 0.0003101858601439744, 0.00027016294188797474, 0.00028059110627509654, 0.0003212081210222095, 0.00028470184770412743, 0.00030314945615828037, 0.0003528466331772506, 0.00035358700552023947, 0.00041306266211904585, 0.000348718895111233, 0.0003648988204076886, 0.0003083277842961252, 0.00027224994846619666, 0.0002906770969275385, 0.0002830670273397118, 0.0002886455331463367, 0.00030444914591498673, 0.0003506573848426342, 0.0003413508820813149, 0.00029358253232203424, 0.0004171447071712464, 0.00025966137764044106, 0.00029929843731224537, 0.00032548350282013416, 0.0003129664983134717, 0.00033007693127729, 0.00029711241950280964, 0.00026172486832365394, 0.000257995561696589, 0.00031047972152009606, 0.00030066200997680426, 0.00026376708410680294, 0.00033995730336755514, 0.00034892401890829206, 0.00032489359728060663, 0.0003885836049448699, 0.00041576626244932413, 0.00028448199736885726, 0.0002570868527982384, 0.0002785353281069547, 0.0002546182950027287, 0.00036911125062033534, 0.00028937531169503927, 0.00025498741888441145, 0.0003073251573368907, 0.0003067941579502076, 0.0002723392390180379, 0.00031303855939768255, 0.00035220454446971416, 0.0002825373085215688, 0.00029374880250543356, 0.0002976538671646267, 0.0003016926348209381, 0.0002895477518904954, 0.0002614752156659961, 0.00027374172350391746, 0.0003373903746251017, 0.00026908403378911316, 0.0003003215533681214, 0.0002883815031964332, 0.00025562712107785046, 0.0002626475761644542, 0.00028449532692320645, 0.0002639323938637972, 0.0003017699928022921, 0.0003021761658601463, 0.00032013532472774386, 0.00023773100110702217, 0.00026057581999339163, 0.00035758595913648605, 0.00026697898283600807, 0.00026422389782965183, 0.00026364519726485014, 0.00029294443083927035, 0.0003399439447093755, 0.00028854436823166907, 0.00026343282661400735, 0.0002580017608124763, 0.00025552522856742144, 0.0002680445904843509, 0.0002713198773562908, 0.00030470683122985065, 0.00032588254543952644, 0.00025287159951403737, 0.0002955360687337816, 0.00033715562312863767, 0.0002676557342056185], "mean_absolute_error": [0.007298649754375219, 0.007609422318637371, 0.007357144728302956, 0.007950084283947945, 0.007482450921088457, 0.0074982899241149426, 0.007447431795299053, 0.007387382443994284, 0.007743266876786947, 0.007236842066049576, 0.00740681029856205, 0.007444564253091812, 0.007772281300276518, 0.007932296954095364, 0.007145529612898827, 0.00740034831687808, 0.007647922728210688, 0.007527265697717667, 0.0075030759908258915, 0.008305794559419155, 0.008148257620632648, 0.008945119567215443, 0.007853198796510696, 0.008347666822373867, 0.007997007109224796, 0.007278893142938614, 0.007269964553415775, 0.007422843016684055, 0.007394149899482727, 0.00780131109058857, 0.007803246844559908, 0.007819198071956635, 0.007369572762399912, 0.008936695754528046, 0.0070684305392205715, 0.007561280392110348, 0.007719497662037611, 0.007571892347186804, 0.007806113921105862, 0.007814852520823479, 0.007095057982951403, 0.007068100851029158, 0.007594867143779993, 0.007722427137196064, 0.00736076757311821, 0.007726908661425114, 0.007937433198094368, 0.00762768043205142, 0.008388848975300789, 0.009166832081973553, 0.007335406728088856, 0.006870332174003124, 0.007171694654971361, 0.007001531310379505, 0.007880574092268944, 0.007081771269440651, 0.006944118998944759, 0.007780039682984352, 0.007540577556937933, 0.0071501825004816055, 0.007544682361185551, 0.008471946232020855, 0.007366606965661049, 0.007625772152096033, 0.007425067946314812, 0.007522072177380323, 0.0071626389399170876, 0.006986265070736408, 0.0069966609589755535, 0.007979102432727814, 0.007229182403534651, 0.007587573025375605, 0.007077174261212349, 0.006725517101585865, 0.007023923099040985, 0.007138952147215605, 0.007144826464354992, 0.007387110032141209, 0.007727110758423805, 0.007642676122486591, 0.006739424075931311, 0.0070663741789758205, 0.008322247304022312, 0.007097041700035334, 0.007072747219353914, 0.007061561103910208, 0.007213163655251265, 0.00781956221908331, 0.0071765948086977005, 0.006876682862639427, 0.00686187157407403, 0.006876490544527769, 0.007059525698423386, 0.00722880382090807, 0.007568123750388622, 0.007668145000934601, 0.007046869490295649, 0.0071039278991520405, 0.007844834588468075, 0.006888279691338539], "val_loss": [0.2698054909706116, 0.24681177735328674, 0.2719752788543701, 0.26818397641181946, 0.2943863272666931, 0.28360918164253235, 0.2880522310733795, 0.2751101553440094, 0.2629372477531433, 0.2932123839855194, 0.2566446363925934, 0.27620741724967957, 0.2693215012550354, 0.27135542035102844, 0.27940234541893005, 0.29211968183517456, 0.2740885317325592, 0.2892328202724457, 0.25287875533103943, 0.26757368445396423, 0.3236124515533447, 0.27565816044807434, 0.27948418259620667, 0.25304505228996277, 0.28950750827789307, 0.30546581745147705, 0.2796202600002289, 0.2897721827030182, 0.28850266337394714, 0.2823273837566376, 0.2951613664627075, 0.27325546741485596, 0.2574858069419861, 0.2762640416622162, 0.30948886275291443, 0.26386943459510803, 0.27415719628334045, 0.2770277261734009, 0.2969358563423157, 0.2522011697292328, 0.29499608278274536, 0.27626723051071167, 0.28213387727737427, 0.22586888074874878, 0.2643168866634369, 0.22994771599769592, 0.2713727355003357, 0.24896280467510223, 0.2993992567062378, 0.26488929986953735, 0.2697288393974304, 0.2631399929523468, 0.27856752276420593, 0.2669302225112915, 0.27332156896591187, 0.26382771134376526, 0.25201672315597534, 0.265854150056839, 0.28017857670783997, 0.29294541478157043, 0.27567920088768005, 0.21816332638263702, 0.32131463289260864, 0.26491326093673706, 0.2863829731941223, 0.2879370152950287, 0.28148403763771057, 0.2598024308681488, 0.25728586316108704, 0.2881923317909241, 0.28620967268943787, 0.2607310712337494, 0.28456103801727295, 0.27304068207740784, 0.2788396179676056, 0.24283459782600403, 0.26287487149238586, 0.27081599831581116, 0.2615923583507538, 0.29723918437957764, 0.26010623574256897, 0.2746288478374481, 0.2683914601802826, 0.2355649471282959, 0.29598861932754517, 0.2738346755504608, 0.244725301861763, 0.2653323709964752, 0.28454717993736267, 0.2882782816886902, 0.2564278841018677, 0.2685414254665375, 0.2656729221343994, 0.28200024366378784, 0.25159791111946106, 0.3106060326099396, 0.2568347156047821, 0.2518877387046814, 0.2431938797235489, 0.2869899570941925],