{"loss": [122088328.0, 1474203.875, 1304728.25, 30580.4609375, 20540.255859375, 1148.5572509765625, 587.6838989257812, 399.40350341796875, 367.8852844238281, 366.5982971191406, 366.3272399902344, 366.2376708984375, 366.2530822753906, 366.2588195800781, 366.260498046875, 366.25665283203125, 366.246826171875, 366.2384338378906, 366.2239074707031, 366.2007141113281, 366.201416015625, 366.1692199707031, 366.1455078125, 366.1380615234375, 366.122802734375, 366.1108703613281, 366.1102600097656, 366.1073913574219, 366.09954833984375, 366.0629577636719, 366.0657653808594, 366.0472412109375, 366.03277587890625, 365.9913024902344, 365.9776611328125, 365.95867919921875, 365.95245361328125, 365.90435791015625, 365.892822265625, 365.8652648925781], "mean_absolute_error": [8245.107421875, 956.6129150390625, 935.8909912109375, 132.4571990966797, 104.67807006835938, 31.160913467407227, 21.65060043334961, 17.57923698425293, 17.27657127380371, 17.245515823364258, 17.226621627807617, 17.2323055267334, 17.23114013671875, 17.23118019104004, 17.231189727783203, 17.23200035095215, 17.230993270874023, 17.23102378845215, 17.230876922607422, 17.2288818359375, 17.230926513671875, 17.229679107666016, 17.228708267211914, 17.22820281982422, 17.22844696044922, 17.227670669555664, 17.22633171081543, 17.22877311706543, 17.226608276367188, 17.227230072021484, 17.22479248046875, 17.226552963256836, 17.227062225341797, 17.224172592163086, 17.224695205688477, 17.223468780517578, 17.223678588867188, 17.2230281829834, 17.22123908996582, 17.221755981445312], "val_loss": [7022038.5, 7930359.0, 281603.03125, 163013.234375, 4044.306884765625, 298.4289245605469, 1922.1868896484375, 1325.7601318359375, 994.6937866210938, 1184.10498046875, 1137.241455078125, 1132.597412109375, 1145.7177734375, 1138.02587890625, 1140.9375, 1137.36376953125, 1139.39208984375, 1140.9744873046875, 1141.5162353515625, 1139.1312255859375, 1146.5382080078125, 1143.2237548828125, 1144.145751953125, 1140.7257080078125, 1142.0230712890625, 1140.9129638671875, 1137.983154296875, 1143.8253173828125, 1142.8626708984375, 1139.4283447265625, 1127.822021484375, 1152.1376953125, 1150.5682373046875, 1141.9798583984375, 1136.60693359375, 1134.991943359375, 1128.987548828125, 1145.470458984375, 1135.3487548828125, 1135.02880859375], "val_mean_absolute_error": [2649.90087890625, 2816.07861328125, 530.661376953125, 403.7463073730469, 63.59309387207031, 17.273439407348633, 43.84077072143555, 36.408843994140625, 31.536466598510742, 34.408626556396484, 33.72077941894531, 33.651859283447266, 33.846229553222656, 33.73241424560547, 33.775543212890625, 33.72260284423828, 33.75265884399414, 33.77608871459961, 33.78410720825195, 33.7487907409668, 33.85835266113281, 33.80937194824219, 33.823001861572266, 33.77241516113281, 33.79161071777344, 33.775184631347656, 33.731781005859375, 33.81826400756836, 33.80403137207031, 33.753196716308594, 33.580833435058594, 33.94093704223633, 33.91781234741211, 33.79096984863281, 33.71137619018555, 33.68742370605469, 33.59817886352539, 33.84258270263672, 33.692710876464844, 33.68796157836914]}